{"cameraMode":{"drawMode":0,"name":"Shaded","section":"Shading Mode"},"sceneLighting":false,"audioPlay":false,"sceneViewState":{"showFog":true,"showMaterialUpdate":true,"showSkybox":true,"showFlares":true,"showImageEffects":true,"showParticleSystems":true},"in2DMode":false,"pivot":{"x":143.7747039794922,"y":-41.59440612792969,"z":27.772918701171876},"rotation":{"x":0.002885257126763463,"y":0.9507520794868469,"z":-0.3098124563694,"w":0.00885817501693964},"size":175.7657928466797,"orthographic":false}