{"cameraMode":{"drawMode":0,"name":"Shaded","section":"Shading Mode"},"sceneLighting":false,"audioPlay":false,"sceneViewState":{"showFog":true,"showMaterialUpdate":true,"showSkybox":true,"showFlares":true,"showImageEffects":true,"showParticleSystems":true},"in2DMode":false,"pivot":{"x":141.79376220703126,"y":-4.750238418579102,"z":7.357330322265625},"rotation":{"x":0.00034275793586857617,"y":0.9819062352180481,"z":-0.18935927748680116,"w":0.0017837159102782608},"size":23.756664276123048,"orthographic":false}