{"cameraMode":{"drawMode":0,"name":"Shaded","section":"Shading Mode"},"sceneLighting":false,"audioPlay":false,"sceneViewState":{"showFog":true,"showMaterialUpdate":true,"showSkybox":true,"showFlares":true,"showImageEffects":true,"showParticleSystems":true},"in2DMode":false,"pivot":{"x":162.35997009277345,"y":-27.390560150146486,"z":-17.607521057128908},"rotation":{"x":0.06655426323413849,"y":0.9280943870544434,"z":-0.30550283193588259,"w":0.2021864801645279},"size":64.19384765625,"orthographic":false}