{"cameraMode":{"drawMode":0,"name":"Shaded","section":"Shading Mode"},"sceneLighting":false,"audioPlay":false,"sceneViewState":{"showFog":true,"showMaterialUpdate":true,"showSkybox":true,"showFlares":true,"showImageEffects":true,"showParticleSystems":true},"in2DMode":false,"pivot":{"x":164.5030059814453,"y":-22.449432373046876,"z":-3.5370635986328127},"rotation":{"x":-0.019005129113793374,"y":0.9467387199401856,"z":-0.3163703978061676,"w":-0.05687212571501732},"size":80.14376068115235,"orthographic":false}